time,open,high,low,close
2011-01-03 00:10:00,81.25,81.25,81.25,81.25
2011-01-03 00:15:00,81.26,81.28,81.26,81.26
2011-01-03 00:20:00,81.27,81.3,81.26,81.29
2011-01-03 00:25:00,81.3,81.3,81.29,81.29
2011-01-03 00:30:00,81.3,81.3,81.27,81.28
2011-01-03 00:35:00,81.27,81.27,81.27,81.27
2011-01-03 00:40:00,81.26,81.26,81.24,81.24
2011-01-03 00:45:00,81.25,81.25,81.23,81.24
2011-01-03 00:50:00,81.23,81.24,81.22,81.23
2011-01-03 00:55:00,81.24,81.25,81.24,81.24
2011-01-03 01:00:00,81.25,81.25,81.24,81.24
2011-01-03 01:05:00,81.25,81.25,81.24,81.24
2011-01-03 01:10:00,81.25,81.25,81.24,81.25
2011-01-03 01:15:00,81.26,81.3,81.26,81.28
2011-01-03 01:20:00,81.27,81.28,81.26,81.26
2011-01-03 01:25:00,81.25,81.25,81.25,81.25
2011-01-03 01:30:00,81.26,81.27,81.26,81.27
2011-01-03 01:35:00,81.26,81.27,81.26,81.27
2011-01-03 01:45:00,81.26,81.26,81.26,81.26
2011-01-03 01:50:00,81.27,81.28,81.26,81.27
2011-01-03 01:55:00,81.26,81.26,81.25,81.25
2011-01-03 02:00:00,81.26,81.27,81.24,81.26
2011-01-03 02:05:00,81.25,81.26,81.22,81.24
2011-01-03 02:10:00,81.25,81.26,81.23,81.23
2011-01-03 02:15:00,81.24,81.25,81.21,81.22
2011-01-03 02:20:00,81.23,81.25,81.22,81.25
2011-01-03 02:25:00,81.26,81.27,81.25,81.27
2011-01-03 02:30:00,81.26,81.27,81.25,81.26
2011-01-03 02:35:00,81.27,81.32,81.26,81.31
2011-01-03 02:40:00,81.3,81.32,81.29,81.31
2011-01-03 02:45:00,81.32,81.34,81.31,81.31
2011-01-03 02:50:00,81.32,81.32,81.3,81.3
2011-01-03 02:55:00,81.31,81.33,81.31,81.32
2011-01-03 03:00:00,81.31,81.33,81.31,81.32
2011-01-03 03:05:00,81.31,81.35,81.31,81.34
2011-01-03 03:10:00,81.35,81.35,81.33,81.34
2011-01-03 03:15:00,81.35,81.35,81.34,81.34
2011-01-03 03:20:00,81.33,81.34,81.32,81.33
2011-01-03 03:25:00,81.34,81.34,81.33,81.34
2011-01-03 03:30:00,81.33,81.35,81.33,81.34
2011-01-03 03:35:00,81.35,81.36,81.33,81.34
2011-01-03 03:40:00,81.33,81.34,81.32,81.33
2011-01-03 03:45:00,81.32,81.33,81.31,81.31
2011-01-03 03:50:00,81.3,81.32,81.3,81.32
2011-01-03 03:55:00,81.33,81.33,81.32,81.32
2011-01-03 04:00:00,81.33,81.36,81.33,81.36
2011-01-03 04:05:00,81.35,81.36,81.32,81.35
2011-01-03 04:10:00,81.34,81.35,81.32,81.34
2011-01-03 04:15:00,81.33,81.34,81.32,81.32
2011-01-03 04:20:00,81.33,81.34,81.32,81.34
2011-01-03 04:25:00,81.33,81.34,81.32,81.34
2011-01-03 04:30:00,81.35,81.35,81.33,81.34
2011-01-03 04:35:00,81.33,81.34,81.33,81.34
2011-01-03 04:40:00,81.33,81.35,81.33,81.34
2011-01-03 04:45:00,81.35,81.37,81.34,81.36
2011-01-03 04:50:00,81.37,81.42,81.37,81.42
2011-01-03 04:55:00,81.41,81.42,81.4,81.41
2011-01-03 05:00:00,81.42,81.44,81.41,81.41
2011-01-03 05:05:00,81.4,81.4,81.38,81.38
2011-01-03 05:10:00,81.39,81.41,81.38,81.4
2011-01-03 05:15:00,81.41,81.42,81.4,81.41
2011-01-03 05:20:00,81.4,81.4,81.39,81.4
2011-01-03 05:25:00,81.39,81.42,81.39,81.41
2011-01-03 05:30:00,81.4,81.4,81.36,81.38
2011-01-03 05:35:00,81.37,81.42,81.37,81.41
2011-01-03 05:40:00,81.4,81.41,81.39,81.4
2011-01-03 05:45:00,81.39,81.42,81.39,81.42
2011-01-03 05:50:00,81.43,81.43,81.4,81.41
2011-01-03 05:55:00,81.4,81.41,81.4,81.4
2011-01-03 06:00:00,81.39,81.42,81.38,81.42
2011-01-03 06:05:00,81.41,81.44,81.41,81.43
2011-01-03 06:10:00,81.42,81.43,81.41,81.43
2011-01-03 06:15:00,81.44,81.44,81.43,81.44
2011-01-03 06:20:00,81.43,81.44,81.43,81.44
2011-01-03 06:25:00,81.45,81.45,81.44,81.44
2011-01-03 06:30:00,81.43,81.43,81.41,81.43
2011-01-03 06:35:00,81.44,81.45,81.43,81.45
2011-01-03 06:40:00,81.44,81.44,81.41,81.41
2011-01-03 06:45:00,81.42,81.43,81.4,81.41
2011-01-03 06:50:00,81.4,81.41,81.39,81.39
2011-01-03 06:55:00,81.4,81.43,81.4,81.43
2011-01-03 07:00:00,81.44,81.44,81.42,81.43
2011-01-03 07:05:00,81.42,81.43,81.41,81.42
2011-01-03 07:10:00,81.41,81.43,81.4,81.4
2011-01-03 07:15:00,81.39,81.41,81.39,81.41
2011-01-03 07:20:00,81.4,81.4,81.4,81.4
2011-01-03 07:25:00,81.39,81.39,81.34,81.35
2011-01-03 07:30:00,81.36,81.38,81.35,81.38
2011-01-03 07:35:00,81.37,81.41,81.36,81.4
2011-01-03 07:40:00,81.39,81.39,81.36,81.39
2011-01-03 07:45:00,81.4,81.41,81.39,81.4
2011-01-03 07:50:00,81.39,81.42,81.38,81.4
2011-01-03 07:55:00,81.42,81.45,81.42,81.44
2011-01-03 08:00:00,81.45,81.45,81.4,81.4
2011-01-03 08:05:00,81.41,81.43,81.39,81.43
2011-01-03 08:10:00,81.42,81.44,81.41,81.43
2011-01-03 08:15:00,81.44,81.44,81.4,81.4
2011-01-03 08:20:00,81.39,81.48,81.38,81.48
2011-01-03 08:25:00,81.47,81.53,81.46,81.48
2011-01-03 08:30:00,81.49,81.5,81.46,81.49
2011-01-03 08:35:00,81.5,81.52,81.5,81.52
2011-01-03 08:40:00,81.51,81.51,81.48,81.5
2011-01-03 08:45:00,81.51,81.52,81.48,81.49
2011-01-03 08:50:00,81.48,81.51,81.47,81.49
2011-01-03 08:55:00,81.5,81.53,81.5,81.52
2011-01-03 09:00:00,81.53,81.58,81.52,81.58
2011-01-03 09:05:00,81.57,81.6,81.56,81.58
2011-01-03 09:10:00,81.59,81.62,81.57,81.59
2011-01-03 09:15:00,81.58,81.59,81.57,81.57
2011-01-03 09:20:00,81.56,81.57,81.55,81.56
2011-01-03 09:25:00,81.57,81.6,81.56,81.57
2011-01-03 09:30:00,81.58,81.6,81.57,81.59
2011-01-03 09:35:00,81.6,81.61,81.58,81.58
2011-01-03 09:40:00,81.59,81.61,81.58,81.6
2011-01-03 09:45:00,81.61,81.63,81.6,81.62
2011-01-03 09:50:00,81.63,81.69,81.62,81.68
2011-01-03 09:55:00,81.69,81.72,81.68,81.71
2011-01-03 10:00:00,81.7,81.71,81.57,81.62
2011-01-03 10:05:00,81.61,81.66,81.6,81.64
2011-01-03 10:10:00,81.63,81.65,81.6,81.61
2011-01-03 10:15:00,81.6,81.66,81.58,81.65
2011-01-03 10:20:00,81.64,81.68,81.63,81.67
2011-01-03 10:25:00,81.66,81.66,81.64,81.66
2011-01-03 10:30:00,81.65,81.65,81.62,81.64
2011-01-03 10:35:00,81.63,81.66,81.63,81.65
2011-01-03 10:40:00,81.66,81.66,81.64,81.64
2011-01-03 10:45:00,81.65,81.67,81.64,81.67
2011-01-03 10:50:00,81.68,81.68,81.64,81.67
2011-01-03 10:55:00,81.68,81.71,81.66,81.68
2011-01-03 11:00:00,81.69,81.72,81.66,81.66
2011-01-03 11:05:00,81.67,81.67,81.6,81.6
2011-01-03 11:10:00,81.59,81.61,81.52,81.52
2011-01-03 11:15:00,81.53,81.55,81.5,81.54
2011-01-03 11:20:00,81.53,81.55,81.5,81.51
2011-01-03 11:25:00,81.5,81.53,81.49,81.51
2011-01-03 11:30:00,81.5,81.54,81.5,81.52
2011-01-03 11:35:00,81.53,81.55,81.52,81.55
2011-01-03 11:40:00,81.54,81.55,81.52,81.54
2011-01-03 11:45:00,81.55,81.56,81.54,81.55
2011-01-03 11:50:00,81.56,81.57,81.56,81.57
2011-01-03 11:55:00,81.56,81.56,81.53,81.56
2011-01-03 12:00:00,81.55,81.56,81.53,81.54
2011-01-03 12:05:00,81.53,81.54,81.51,81.52
2011-01-03 12:10:00,81.53,81.53,81.51,81.52
2011-01-03 12:15:00,81.51,81.52,81.51,81.52
2011-01-03 12:20:00,81.53,81.54,81.52,81.54
2011-01-03 12:25:00,81.55,81.55,81.54,81.54
2011-01-03 12:30:00,81.55,81.56,81.54,81.55
2011-01-03 12:35:00,81.54,81.54,81.53,81.53
2011-01-03 12:40:00,81.54,81.54,81.53,81.53
2011-01-03 12:45:00,81.54,81.54,81.53,81.53
2011-01-03 12:50:00,81.52,81.53,81.52,81.53
2011-01-03 12:55:00,81.54,81.55,81.53,81.54
2011-01-03 13:00:00,81.55,81.57,81.55,81.56
2011-01-03 13:05:00,81.57,81.58,81.56,81.58
2011-01-03 13:10:00,81.57,81.57,81.55,81.55
2011-01-03 13:15:00,81.54,81.54,81.51,81.53
2011-01-03 13:20:00,81.54,81.56,81.54,81.55
2011-01-03 13:25:00,81.54,81.55,81.53,81.55
2011-01-03 13:30:00,81.54,81.58,81.54,81.57
2011-01-03 13:35:00,81.58,81.59,81.56,81.58
2011-01-03 13:40:00,81.59,81.59,81.56,81.57
2011-01-03 13:45:00,81.58,81.59,81.57,81.58
2011-01-03 13:50:00,81.59,81.59,81.58,81.58
2011-01-03 13:55:00,81.57,81.57,81.56,81.57
2011-01-03 14:00:00,81.58,81.63,81.57,81.63
2011-01-03 14:05:00,81.64,81.64,81.63,81.64
2011-01-03 14:10:00,81.63,81.64,81.63,81.63
2011-01-03 14:15:00,81.64,81.64,81.62,81.63
2011-01-03 14:20:00,81.64,81.65,81.63,81.64
2011-01-03 14:25:00,81.63,81.64,81.63,81.63
2011-01-03 14:30:00,81.64,81.64,81.61,81.61
2011-01-03 14:35:00,81.6,81.61,81.59,81.61
2011-01-03 14:40:00,81.62,81.64,81.61,81.63
2011-01-03 14:45:00,81.62,81.64,81.62,81.64
2011-01-03 14:50:00,81.63,81.64,81.62,81.63
2011-01-03 14:55:00,81.62,81.63,81.61,81.62
2011-01-03 15:00:00,81.61,81.67,81.61,81.66
2011-01-03 15:05:00,81.65,81.66,81.64,81.65
2011-01-03 15:10:00,81.66,81.66,81.63,81.64
2011-01-03 15:15:00,81.63,81.64,81.63,81.63
2011-01-03 15:20:00,81.64,81.66,81.63,81.65
2011-01-03 15:25:00,81.66,81.7,81.66,81.68
2011-01-03 15:30:00,81.67,81.68,81.66,81.67
2011-01-03 15:35:00,81.66,81.67,81.65,81.66
2011-01-03 15:40:00,81.67,81.69,81.67,81.69
2011-01-03 15:45:00,81.68,81.7,81.68,81.7
2011-01-03 15:50:00,81.71,81.72,81.7,81.71
2011-01-03 15:55:00,81.72,81.72,81.71,81.72
2011-01-03 16:00:00,81.73,81.73,81.71,81.72
2011-01-03 16:05:00,81.73,81.73,81.71,81.72
2011-01-03 16:10:00,81.73,81.73,81.71,81.72
2011-01-03 16:15:00,81.71,81.72,81.71,81.72
2011-01-03 16:20:00,81.71,81.72,81.71,81.72
2011-01-03 16:25:00,81.71,81.72,81.71,81.71
2011-01-03 16:35:00,81.7,81.71,81.69,81.7
2011-01-03 16:40:00,81.71,81.72,81.69,81.72
2011-01-03 16:45:00,81.71,81.73,81.71,81.73
2011-01-03 16:50:00,81.72,81.73,81.72,81.72
2011-01-03 16:55:00,81.71,81.74,81.71,81.72
2011-01-03 17:00:00,81.73,81.74,81.72,81.73
2011-01-03 17:05:00,81.71,81.74,81.7,81.73
2011-01-03 17:10:00,81.72,81.73,81.71,81.72
2011-01-03 17:15:00,81.71,81.73,81.71,81.72
2011-01-03 17:20:00,81.73,81.73,81.72,81.73
2011-01-03 17:25:00,81.72,81.73,81.72,81.73
2011-01-03 17:30:00,81.74,81.74,81.73,81.73
2011-01-03 17:35:00,81.74,81.74,81.73,81.73
2011-01-03 17:40:00,81.74,81.74,81.72,81.73
2011-01-03 17:45:00,81.74,81.74,81.73,81.73
2011-01-03 17:50:00,81.74,81.74,81.72,81.73
2011-01-03 17:55:00,81.72,81.74,81.72,81.73
2011-01-03 18:00:00,81.72,81.74,81.72,81.74
2011-01-03 18:05:00,81.73,81.74,81.73,81.73
2011-01-03 18:10:00,81.75,81.75,81.72,81.73
2011-01-03 18:15:00,81.72,81.73,81.71,81.71
2011-01-03 18:20:00,81.7,81.7,81.68,81.69
2011-01-03 18:25:00,81.68,81.7,81.68,81.68
2011-01-03 18:30:00,81.67,81.68,81.65,81.65
2011-01-03 18:35:00,81.66,81.66,81.63,81.64
2011-01-03 18:40:00,81.65,81.67,81.65,81.67
2011-01-03 18:45:00,81.66,81.69,81.66,81.68
2011-01-03 18:50:00,81.67,81.68,81.67,81.68
2011-01-03 18:55:00,81.69,81.69,81.65,81.66
2011-01-03 19:00:00,81.67,81.67,81.63,81.63
2011-01-03 19:05:00,81.62,81.64,81.62,81.64
2011-01-03 19:10:00,81.63,81.65,81.6,81.61
2011-01-03 19:15:00,81.6,81.64,81.6,81.64
2011-01-03 19:20:00,81.65,81.66,81.64,81.65
2011-01-03 19:25:00,81.66,81.66,81.64,81.65
2011-01-03 19:30:00,81.66,81.69,81.65,81.69
2011-01-03 19:35:00,81.7,81.72,81.7,81.72
2011-01-03 19:40:00,81.71,81.75,81.71,81.74
2011-01-03 19:45:00,81.73,81.77,81.72,81.75
2011-01-03 19:50:00,81.76,81.78,81.75,81.77
2011-01-03 19:55:00,81.76,81.76,81.73,81.74
2011-01-03 20:00:00,81.73,81.76,81.73,81.75
2011-01-03 20:05:00,81.76,81.79,81.76,81.79
2011-01-03 20:10:00,81.8,81.84,81.78,81.83
2011-01-03 20:15:00,81.84,81.9,81.82,81.89
2011-01-03 20:20:00,81.9,81.91,81.87,81.88
2011-01-03 20:25:00,81.87,81.88,81.86,81.87
2011-01-03 20:30:00,81.86,81.87,81.85,81.86
2011-01-03 20:35:00,81.87,81.93,81.85,81.92
2011-01-03 20:40:00,81.91,81.92,81.87,81.87
2011-01-03 20:45:00,81.88,81.88,81.86,81.86
2011-01-03 20:50:00,81.87,81.88,81.85,81.85
2011-01-03 20:55:00,81.86,81.87,81.85,81.85
2011-01-03 21:00:00,81.84,81.86,81.84,81.85
2011-01-03 21:05:00,81.86,81.86,81.85,81.86
2011-01-03 21:10:00,81.87,81.88,81.87,81.87
2011-01-03 21:15:00,81.88,81.9,81.87,81.88
2011-01-03 21:20:00,81.87,81.88,81.85,81.86
2011-01-03 21:25:00,81.85,81.87,81.85,81.86
2011-01-03 21:30:00,81.87,81.89,81.86,81.87
2011-01-03 21:35:00,81.88,81.88,81.85,81.86
2011-01-03 21:40:00,81.87,81.88,81.86,81.86
2011-01-03 21:45:00,81.85,81.88,81.85,81.87
2011-01-03 21:50:00,81.88,81.9,81.87,81.9
2011-01-03 21:55:00,81.89,81.92,81.89,81.9
2011-01-03 22:00:00,81.91,81.92,81.89,81.92
2011-01-03 22:05:00,81.93,81.94,81.91,81.91
2011-01-03 22:10:00,81.92,81.92,81.91,81.92
2011-01-03 22:15:00,81.91,81.93,81.9,81.91
2011-01-03 22:20:00,81.9,81.9,81.9,81.9
2011-01-03 22:25:00,81.91,81.91,81.88,81.88
2011-01-03 22:30:00,81.89,81.89,81.87,81.88
2011-01-03 22:35:00,81.87,81.9,81.87,81.87
2011-01-03 22:40:00,81.86,81.89,81.85,81.88
2011-01-03 22:45:00,81.87,81.88,81.87,81.88
2011-01-03 22:50:00,81.89,81.91,81.88,81.91
2011-01-03 22:55:00,81.92,81.96,81.91,81.96
2011-01-03 23:00:00,81.97,82.03,81.95,82.01
2011-01-03 23:05:00,82.02,82.07,82.0,82.07
2011-01-03 23:10:00,82.06,82.07,82.04,82.06
2011-01-03 23:15:00,82.07,82.09,82.06,82.07
2011-01-03 23:20:00,82.06,82.1,82.06,82.1
2011-01-03 23:25:00,82.09,82.11,82.09,82.1
2011-01-03 23:30:00,82.09,82.1,82.07,82.08
2011-01-03 23:35:00,82.07,82.08,82.06,82.06
2011-01-03 23:40:00,82.07,82.08,82.06,82.07
2011-01-03 23:45:00,82.08,82.09,82.08,82.09
2011-01-03 23:50:00,82.1,82.11,82.1,82.1
2011-01-03 23:55:00,82.11,82.14,82.11,82.12
