trade_no,signal_time,entry_time,exit_time,side,confidence,leverage,entry,stop,target,exit,reason,pnl_yen,balance_before,balance_after
1,2011-01-03 00:15:00,2011-01-03 00:20:00,2011-01-03 00:20:00,SHORT,0.5406702501579316,5,81.25999999999999,81.27354157540569,81.24375010951316,81.28354157540569,SL,-14.485340515445218,10000.0,9985.514659484556
2,2011-01-03 00:25:00,2011-01-03 00:30:00,2011-01-03 00:30:00,SHORT,0.5611189058734198,5,81.28999999999999,81.3043700318549,81.27275596177411,81.28275596177411,TP,4.44922191526432,9985.514659484556,9989.963881399819
3,2011-01-03 00:40:00,2011-01-03 00:45:00,2011-01-03 00:45:00,LONG,0.5728885270305852,10,81.26,81.24477151604037,81.27827418075157,81.23477151604037,SL,-31.01546191721005,9989.963881399819,9958.94841948261
4,2011-01-03 00:50:00,2011-01-03 00:55:00,2011-01-03 01:10:00,LONG,0.5597348574590105,5,81.25,81.2346652357695,81.2684017170766,81.24,TIME,-6.128583642761663,9958.94841948261,9952.819835839848
5,2011-01-03 01:15:00,2011-01-03 01:20:00,2011-01-03 01:20:00,SHORT,0.570230640833397,10,81.25999999999999,81.27577419121391,81.24107097054329,81.28577419121392,SL,-31.568530835183164,9952.819835839848,9921.251305004664
6,2011-01-03 02:05:00,2011-01-03 02:10:00,2011-01-03 02:10:00,LONG,0.5468670552585543,5,81.26,81.24360190848898,81.27967770981323,81.23360190848898,SL,-16.115068905575065,9921.251305004664,9905.136236099088
7,2011-01-03 02:15:00,2011-01-03 02:20:00,2011-01-03 02:20:00,LONG,0.5561834945287347,5,81.24000000000001,81.22198327823796,81.26162006611447,81.21198327823795,SL,-17.079606471077017,9905.136236099088,9888.05662962801
8,2011-01-03 02:25:00,2011-01-03 02:30:00,2011-01-03 02:30:00,SHORT,0.5528808573790374,5,81.25,81.26826952029484,81.2280765756462,81.27826952029484,SL,-17.201884158019297,9888.05662962801,9870.854745469991
9,2011-01-03 02:35:00,2011-01-03 02:40:00,2011-01-03 02:40:00,SHORT,0.5916646932450051,10,81.28999999999999,81.31024259658074,81.26570888410309,81.32024259658074,SL,-36.72287833367175,9870.854745469991,9834.131867136319
10,2011-01-03 02:45:00,2011-01-03 02:50:00,2011-01-03 03:05:00,SHORT,0.5501057605966074,5,81.30999999999999,81.33076019807217,81.28508776231338,81.34076019807218,SL,-18.60163842707658,9834.131867136319,9815.530228709242
11,2011-01-03 03:10:00,2011-01-03 03:15:00,2011-01-03 03:30:00,SHORT,0.5475180917436362,5,81.33999999999999,81.36080499981928,81.31503400021684,81.35000000000001,TIME,-6.033642874802197,9815.530228709242,9809.49658583444
12,2011-01-03 04:00:00,2011-01-03 04:05:00,2011-01-03 04:05:00,SHORT,0.582822919805965,10,81.33999999999999,81.35866335482369,81.31760397421155,81.3686633548237,SL,-34.567627401242696,9809.49658583444,9774.928958433198
13,2011-01-03 04:45:00,2011-01-03 04:50:00,2011-01-03 04:50:00,SHORT,0.5569072715925076,5,81.36,81.37841756626835,81.33789892047797,81.38841756626836,SL,-17.071023318877902,9774.928958433198,9757.85793511432
14,2011-01-03 04:55:00,2011-01-03 05:00:00,2011-01-03 05:00:00,SHORT,0.5798593858291443,10,81.41,81.43020698315996,81.38575162020804,81.44020698315997,SL,-36.206295335141526,9757.85793511432,9721.651639779178
15,2011-01-03 05:15:00,2011-01-03 05:20:00,2011-01-03 05:25:00,SHORT,0.5446450471654963,5,81.39,81.41060859136901,81.3652696903572,81.42060859136902,SL,-18.280259397587745,9721.651639779178,9703.37138038159
16,2011-01-03 05:45:00,2011-01-03 05:50:00,2011-01-03 06:00:00,SHORT,0.5445303861776457,5,81.42,81.44280129111505,81.39263845066195,81.40263845066195,TP,10.345465546911022,9703.37138038159,9713.7168459285
17,2011-01-03 06:05:00,2011-01-03 06:10:00,2011-01-03 06:15:00,SHORT,0.5445935564357265,5,81.41,81.43265398988798,81.38281521213442,81.44265398988799,SL,-19.481120971732466,9713.7168459285,9694.235724956769
18,2011-01-03 06:35:00,2011-01-03 06:40:00,2011-01-03 06:45:00,SHORT,0.5485996536572382,5,81.42999999999999,81.44942108547953,81.40669469742456,81.41669469742456,TP,7.919976639943131,9694.235724956769,9702.155701596712
19,2011-01-03 06:50:00,2011-01-03 06:55:00,2011-01-03 07:00:00,LONG,0.5504045097213295,5,81.41000000000001,81.38974485247867,81.4343061770256,81.4243061770256,TP,8.524797751926286,9702.155701596712,9710.680499348638
20,2011-01-03 07:25:00,2011-01-03 07:30:00,2011-01-03 07:35:00,LONG,0.592897368781045,10,81.37,81.34852182956958,81.39577380451651,81.3857738045165,TP,18.824428649244737,9710.680499348638,9729.504927997883
21,2011-01-03 07:55:00,2011-01-03 08:00:00,2011-01-03 08:00:00,SHORT,0.5642278098796134,5,81.44,81.4648713326209,81.4101544008549,81.42015440085491,TP,11.854607974041103,9729.504927997883,9741.359535971924
22,2011-01-03 08:20:00,2011-01-03 08:25:00,2011-01-03 08:25:00,SHORT,0.5751811020407251,10,81.46,81.49043934019831,81.42347279176202,81.50043934019831,SL,-48.35921338930799,9741.359535971924,9693.000322582617
23,2011-01-03 08:30:00,2011-01-03 08:35:00,2011-01-03 08:50:00,SHORT,0.5506632395484747,5,81.49,81.52224616578323,81.45130460106012,81.5,TIME,-5.947355701673565,9693.000322582617,9687.052966880943
24,2011-01-03 08:55:00,2011-01-03 09:00:00,2011-01-03 09:00:00,SHORT,0.5455229552476201,5,81.52,81.55174510552179,81.48190587337383,81.5617451055218,SL,-24.802934758199978,9687.052966880943,9662.250032122744
25,2011-01-03 09:05:00,2011-01-03 09:10:00,2011-01-03 09:10:00,SHORT,0.5694086549193214,5,81.58,81.61284144302644,81.54059026836826,81.62284144302645,SL,-25.37047893224258,9662.250032122744,9636.879553190502
26,2011-01-03 09:30:00,2011-01-03 09:35:00,2011-01-03 09:45:00,SHORT,0.5466847164046515,5,81.58999999999999,81.62053385104721,81.55335937874332,81.63053385104722,SL,-23.937972813403068,9636.879553190502,9612.941580377099
27,2011-01-03 09:50:00,2011-01-03 09:55:00,2011-01-03 09:55:00,SHORT,0.6098645103838629,15,81.67999999999999,81.71114341211369,81.64262790546356,81.72114341211369,SL,-72.63269167477155,9612.941580377099,9540.308888702328
28,2011-01-03 10:20:00,2011-01-03 10:25:00,2011-01-03 10:40:00,SHORT,0.5407930175539,5,81.64999999999999,81.68980088731644,81.60223893522026,81.65,TIME,-8.302262312033011e-12,9540.308888702328,9540.308888702319
29,2011-01-03 11:05:00,2011-01-03 11:10:00,2011-01-03 11:10:00,LONG,0.5496392721062531,5,81.60000000000001,81.56262388041104,81.64485134350677,81.55262388041103,SL,-27.695025418316327,9540.308888702319,9512.613863284003
30,2011-01-03 11:15:00,2011-01-03 11:20:00,2011-01-03 11:20:00,LONG,0.5496321792668658,5,81.54,81.50013997851768,81.5878320257788,81.49013997851767,SL,-29.083831958331032,9512.613863284003,9483.530031325672
31,2011-01-03 11:25:00,2011-01-03 11:30:00,2011-01-03 11:45:00,LONG,0.5401777009040617,5,81.51,81.47069212433412,81.55716945079907,81.54716945079906,TP,21.622966685113735,9483.530031325672,9505.152998010786
32,2011-01-03 13:05:00,2011-01-03 13:10:00,2011-01-03 13:15:00,SHORT,0.5571814987366623,5,81.55999999999999,81.58140992302222,81.53430809237331,81.54430809237331,TP,9.14381944716739,9505.152998010786,9514.296817457953
33,2011-01-03 14:00:00,2011-01-03 14:05:00,2011-01-03 14:20:00,SHORT,0.5890294989561609,10,81.63,81.65291393528645,81.60250327765624,81.65,TIME,-23.310784803290016,9514.296817457953,9490.986032654662
34,2011-01-03 14:45:00,2011-01-03 14:50:00,2011-01-03 14:50:00,SHORT,0.5445188116807418,5,81.61999999999999,81.63945594042337,81.59665287149193,81.64945594042338,SL,-17.12606708754574,9490.986032654662,9473.859965567117
35,2011-01-03 15:00:00,2011-01-03 15:05:00,2011-01-03 15:20:00,SHORT,0.5652465162239226,5,81.64,81.66105273364073,81.61473671963113,81.66000000000001,TIME,-11.604434058760367,9473.859965567117,9462.255531508357
36,2011-01-03 15:25:00,2011-01-03 15:30:00,2011-01-03 15:40:00,SHORT,0.5741142599079256,10,81.66,81.68169791722137,81.63396249933434,81.69169791722138,SL,-36.7295851782132,9462.255531508357,9425.525946330145
37,2011-01-03 15:45:00,2011-01-03 15:50:00,2011-01-03 16:00:00,SHORT,0.5630970604606867,5,81.69999999999999,81.72076682147437,81.67507981423074,81.73076682147438,SL,-17.747458634819,9425.525946330145,9407.778487695325
38,2011-01-03 16:05:00,2011-01-03 16:10:00,2011-01-03 16:25:00,SHORT,0.5468086285047713,5,81.72,81.73905125958272,81.69713848850074,81.72,TIME,-0.0,9407.778487695325,9407.778487695325
39,2011-01-03 16:40:00,2011-01-03 16:45:00,2011-01-03 16:45:00,SHORT,0.543970544449961,5,81.69999999999999,81.71715237156913,81.67941715411702,81.72715237156913,SL,-15.633016960716459,9407.778487695325,9392.145470734607
40,2011-01-03 17:00:00,2011-01-03 17:05:00,2011-01-03 17:05:00,SHORT,0.5449310300055781,5,81.69999999999999,81.71689465025993,81.67972641968805,81.72689465025994,SL,-15.458902547488286,9392.145470734607,9376.686568187119
41,2011-01-03 17:20:00,2011-01-03 17:25:00,2011-01-03 17:25:00,SHORT,0.5418842485415126,5,81.71,81.72700874911689,81.68958950105973,81.7370087491169,SL,-15.497036780564967,9376.686568187119,9361.189531406553
42,2011-01-03 18:00:00,2011-01-03 18:05:00,2011-01-03 18:05:00,SHORT,0.5619453016159931,5,81.72,81.73499910482899,81.7020010742052,81.74499910482899,SL,-14.318487421665598,9361.189531406553,9346.871043984887
43,2011-01-03 18:15:00,2011-01-03 18:20:00,2011-01-03 18:20:00,LONG,0.542271435070302,5,81.71000000000001,81.69476347182606,81.72828383380875,81.68476347182606,SL,-14.434131344987707,9346.871043984887,9332.4369126399
44,2011-01-03 18:25:00,2011-01-03 18:30:00,2011-01-03 18:30:00,LONG,0.5747078463099198,10,81.68,81.66412768744186,81.69904677506977,81.65412768744186,SL,-29.56069107897075,9332.4369126399,9302.87622156093
45,2011-01-03 18:35:00,2011-01-03 18:40:00,2011-01-03 18:45:00,LONG,0.5980989532877017,10,81.66000000000001,81.64300805702896,81.68039033156528,81.67039033156527,TP,11.836880780382804,9302.87622156093,9314.713102341313
46,2011-01-03 19:00:00,2011-01-03 19:05:00,2011-01-03 19:10:00,LONG,0.5803605232949658,10,81.63000000000001,81.61072147490341,81.65313423011592,81.60072147490341,SL,-33.40941581949457,9314.713102341313,9281.303686521818
47,2011-01-03 19:30:00,2011-01-03 19:35:00,2011-01-03 19:35:00,SHORT,0.5666508148448115,5,81.69,81.71143410463048,81.66427907444343,81.72143410463049,SL,-17.857110490237236,9281.303686521818,9263.446576031582
48,2011-01-03 19:40:00,2011-01-03 19:45:00,2011-01-03 19:45:00,SHORT,0.5925934270794717,10,81.72,81.74235899838037,81.69316920194356,81.75235899838037,SL,-36.68084345943336,9263.446576031582,9226.765732572148
49,2011-01-03 19:50:00,2011-01-03 19:55:00,2011-01-03 20:05:00,SHORT,0.5789975019537348,10,81.75,81.77364627921573,81.72162446494113,81.78364627921573,SL,-37.9750869842517,9226.765732572148,9188.790645587897
50,2011-01-03 20:10:00,2011-01-03 20:15:00,2011-01-03 20:15:00,SHORT,0.6026186780453057,15,81.83,81.85643943619013,81.79827267657184,81.86643943619013,SL,-61.377431943251835,9188.790645587897,9127.413213644644
51,2011-01-03 20:20:00,2011-01-03 20:25:00,2011-01-03 20:35:00,SHORT,0.5797018681218451,10,81.86,81.88932788120476,81.82480654255428,81.89932788120477,SL,-43.85069906829488,9127.413213644644,9083.56251457635
52,2011-01-03 21:15:00,2011-01-03 21:20:00,2011-01-03 21:30:00,SHORT,0.5441584189997493,5,81.86,81.88528710934192,81.8296554687897,81.89528710934192,SL,-19.578100639264836,9083.56251457635,9063.984413937085
53,2011-01-03 21:50:00,2011-01-03 21:55:00,2011-01-03 21:55:00,SHORT,0.5745732853948822,10,81.88,81.9038789619442,81.85134524566695,81.9138789619442,SL,-37.50346641703669,9063.984413937085,9026.480947520049
54,2011-01-03 22:00:00,2011-01-03 22:05:00,2011-01-03 22:20:00,SHORT,0.5768347673944497,10,81.92,81.94389563555394,81.89132523733528,81.91000000000001,TIME,11.018653500380662,9026.480947520049,9037.49960102043
55,2011-01-03 22:50:00,2011-01-03 22:55:00,2011-01-03 22:55:00,SHORT,0.5627731716314814,5,81.91,81.93159257521582,81.88408890974101,81.94159257521582,SL,-17.428756312307822,9037.49960102043,9020.070844708123
56,2011-01-03 23:00:00,2011-01-03 23:05:00,2011-01-03 23:05:00,SHORT,0.6417254335136215,25,82.00999999999999,82.03584257760954,81.97898890686852,82.04584257760955,SL,-98.55584358467118,9020.070844708123,8921.515001123453
57,2011-01-03 23:10:00,2011-01-03 23:15:00,2011-01-03 23:15:00,SHORT,0.601961439247152,15,82.05999999999999,82.08771120212252,82.02674655745295,82.09771120212253,SL,-61.49909616986612,8921.515001123453,8860.015904953587
58,2011-01-03 23:20:00,2011-01-03 23:25:00,2011-01-03 23:25:00,SHORT,0.6009666381941869,15,82.08,82.10777139366687,82.04667432759975,82.11777139366687,SL,-61.15773915218474,8860.015904953587,8798.858165801403
59,2011-01-03 23:30:00,2011-01-03 23:35:00,2011-01-03 23:45:00,SHORT,0.5439730013330024,5,82.05999999999999,82.08672125270255,82.02793449675691,82.09672125270255,SL,-19.687124920814178,8798.858165801403,8779.171040880588
60,2011-01-03 23:50:00,2011-01-03 23:55:00,2011-01-03 23:55:00,SHORT,0.5649642411937379,5,82.1,82.12397088969277,82.07123493236867,82.13397088969278,SL,-18.162987273070534,8779.171040880588,8761.008053607518
