trade_no,signal_time,entry_time,exit_time,side,confidence5m,leverage,entry,stop,target,exit,reason,pnl_yen,balance_before,balance_after
1,2011-01-03 01:24:00,2011-01-03 01:25:00,2011-01-03 01:30:00,SHORT,0.5702306408333955,5,81.24,81.27,81.1995,81.28,SL,-24.618414574105277,10000.0,9975.381585425896
2,2011-01-03 02:23:00,2011-01-03 02:24:00,2011-01-03 02:37:00,LONG,0.5561834945287345,5,81.26,81.23,81.3005,81.2905,TP,18.720719810200787,9975.381585425896,9994.102305236096
3,2011-01-03 02:54:00,2011-01-03 02:55:00,2011-01-03 02:56:00,SHORT,0.5501057605966079,5,81.3,81.33,81.2595,81.34,SL,-24.585737528259923,9994.102305236096,9969.516567707837
4,2011-01-03 04:07:00,2011-01-03 04:08:00,2011-01-03 04:08:00,SHORT,0.5828229198059613,10,81.32,81.35,81.2795,81.36,SL,-49.03844843929855,9969.516567707837,9920.478119268539
5,2011-01-03 05:05:00,2011-01-03 05:07:00,2011-01-03 05:14:00,SHORT,0.5611785808829056,5,81.38,81.41,81.3395,81.42,SL,-24.38062944032954,9920.478119268539,9896.09748982821
6,2011-01-03 06:55:00,2011-01-03 06:56:00,2011-01-03 07:13:00,LONG,0.5504045097213276,5,81.43,81.4,81.4705,81.39,SL,-24.305777943828453,9896.09748982821,9871.791711884382
7,2011-01-03 08:04:00,2011-01-03 08:05:00,2011-01-03 08:09:00,SHORT,0.5642278098796099,5,81.39999999999999,81.42999999999999,81.3595,81.44,SL,-24.255016491120212,9871.791711884382,9847.53669539326
8,2011-01-03 08:42:00,2011-01-03 08:43:00,2011-01-03 08:43:00,SHORT,0.5616311870619222,5,81.47999999999999,81.50999999999999,81.4395,81.52,SL,-24.171665918985763,9847.53669539326,9823.365029474275
9,2011-01-03 09:19:00,2011-01-03 09:20:00,2011-01-03 09:26:00,SHORT,0.5630275882740803,5,81.55,81.58,81.5095,81.59,SL,-24.091637104784333,9823.365029474275,9799.27339236949
10,2011-01-03 10:01:00,2011-01-03 10:02:00,2011-01-03 10:03:00,SHORT,0.6083426373546168,10,81.58,81.61,81.5395,81.62,SL,-48.04743021510675,9799.27339236949,9751.225962154384
11,2011-01-03 13:13:00,2011-01-03 13:14:00,2011-01-03 13:34:00,SHORT,0.5571814987366621,5,81.55,81.58,81.5095,81.59,SL,-23.914717258506215,9751.225962154384,9727.311244895878
12,2011-01-03 18:44:00,2011-01-03 18:45:00,2011-01-03 19:03:00,LONG,0.5980989532877098,10,81.67,81.64,81.7105,81.63,SL,-47.64202887178841,9727.311244895878,9679.66921602409
13,2011-01-03 19:19:00,2011-01-03 19:20:00,2011-01-03 19:35:00,LONG,0.5774948605775126,5,81.66000000000001,81.63000000000001,81.7005,81.6905,TP,18.07677633410674,9679.66921602409,9697.745992358196
14,2011-01-03 19:59:00,2011-01-03 20:00:00,2011-01-03 20:02:00,SHORT,0.5789975019537399,5,81.72,81.75,81.6795,81.76,SL,-23.734082213313044,9697.745992358196,9674.011910144882
15,2011-01-03 20:32:00,2011-01-03 20:33:00,2011-01-03 20:38:00,SHORT,0.5504508750905339,5,81.85,81.88,81.8095,81.89,SL,-23.638391961261807,9674.011910144882,9650.37351818362
