signal_time,entry_time,exit_time,dir,score,lev,entry,stop,target,exit,reason,ret_unlev,pnl,balance_before,balance_after
2011-01-03 02:05:00,2011-01-03 02:10:00,2011-01-03 02:25:00,-1,3,5,81.24,81.2610091024529,81.20848634632064,81.27100910245291,SL,-0.0003816974698782975,-19.084873493914873,10000.0,9980.915126506085
2011-01-03 02:35:00,2011-01-03 02:40:00,2011-01-03 03:05:00,1,5,25,81.31,81.28436886485414,81.34844670271879,81.33844670271878,TP,0.00034985490983620196,87.29680404166426,9980.915126506085,10068.211930547748
2011-01-03 03:05:00,2011-01-03 03:10:00,2011-01-03 03:10:00,1,4,15,81.36,81.33332153750214,81.40001769374678,81.32332153750214,SL,-0.0004508168940248361,-68.08380046370002,10068.211930547748,10000.128130084047
2011-01-03 03:10:00,2011-01-03 03:15:00,2011-01-03 03:20:00,1,4,15,81.36,81.33379857053771,81.39930214419343,81.3237985705377,SL,-0.00044495365612457236,-66.7439035979262,10000.128130084047,9933.384226486121
2011-01-03 03:20:00,2011-01-03 03:25:00,2011-01-03 03:40:00,1,3,5,81.35000000000001,81.32531611439222,81.3870258284117,81.31531611439222,SL,-0.00042635384889724517,-21.17568298768771,9933.384226486121,9912.208543498433
2011-01-03 03:40:00,2011-01-03 03:45:00,2011-01-03 03:50:00,1,3,5,81.33,81.30642632088598,81.36536051867103,81.29642632088597,SL,-0.0004128080550107925,-20.459197648514742,9912.208543498433,9891.749345849918
2011-01-03 04:00:00,2011-01-03 04:05:00,2011-01-03 04:05:00,1,3,5,81.36,81.33657778401772,81.39513332397343,81.32657778401772,SL,-0.0004107941984056581,-20.317366216790546,9891.749345849918,9871.431979633127
2011-01-03 04:05:00,2011-01-03 04:10:00,2011-01-03 04:10:00,1,3,5,81.35000000000001,81.32539365658789,81.38690951511819,81.31539365658789,SL,-0.00042540065657187444,-20.99656822720265,9871.431979633127,9850.435411405924
2011-01-03 04:45:00,2011-01-03 04:50:00,2011-01-03 04:50:00,1,3,5,81.38000000000001,81.35693029741323,81.41460455388018,81.40460455388018,TP,0.0003023415320738104,14.89097866939291,9850.435411405924,9865.326390075317
2011-01-03 04:50:00,2011-01-03 04:55:00,2011-01-03 05:05:00,1,5,25,81.42,81.39429241902656,81.45856137146016,81.38429241902655,SL,-0.0004385603165493866,-108.1635166123612,9865.326390075317,9757.162873462956
2011-01-03 05:05:00,2011-01-03 05:10:00,2011-01-03 05:30:00,1,3,5,81.4,81.37405264016085,81.43892103975874,81.36405264016085,SL,-0.0004416137572377884,-21.54448678265516,9757.162873462956,9735.6183866803
2011-01-03 05:35:00,2011-01-03 05:40:00,2011-01-03 06:00:00,1,4,15,81.41000000000001,81.38094578736356,81.4535813189547,81.37094578736355,SL,-0.000479722548046406,-70.05593488898572,9735.6183866803,9665.562451791315
2011-01-03 06:00:00,2011-01-03 06:05:00,2011-01-03 06:50:00,1,3,5,81.42,81.39179622744165,81.46230565883755,81.38179622744164,SL,-0.0004692185281056435,-22.676304934713478,9665.562451791315,9642.886146856601
2011-01-03 06:55:00,2011-01-03 07:00:00,2011-01-03 07:00:00,1,3,5,81.45,81.42362546582982,81.48956180125529,81.41362546582981,SL,-0.0004465872826297467,-21.53195160516359,9642.886146856601,9621.354195251437
2011-01-03 07:25:00,2011-01-03 07:30:00,2011-01-03 07:30:00,-1,5,25,81.35,81.37685216976232,81.30972174535651,81.38685216976232,SL,-0.0004530076184674435,-108.963668760565,9621.354195251437,9512.390526490872
2011-01-03 07:30:00,2011-01-03 07:35:00,2011-01-03 07:35:00,-1,3,5,81.36,81.3870770147793,81.31938447783105,81.3970770147793,SL,-0.0004557155208861798,-21.674720018262747,9512.390526490872,9490.715806472608
2011-01-03 07:40:00,2011-01-03 07:45:00,2011-01-03 07:50:00,-1,3,5,81.39,81.41952048723317,81.34571926915025,81.42952048723318,SL,-0.0004855693234202731,-23.04200226461498,9490.715806472608,9467.673804207992
2011-01-03 07:55:00,2011-01-03 08:00:00,2011-01-03 08:00:00,1,3,5,81.46000000000001,81.4289079772408,81.50663803413882,81.41890797724079,SL,-0.0005044441782373649,-23.879564659915637,9467.673804207992,9443.794239548077
2011-01-03 08:00:00,2011-01-03 08:05:00,2011-01-03 08:10:00,-1,3,5,81.39999999999999,81.43244259256211,81.35133611115681,81.44244259256212,SL,-0.0005214077710334769,-24.62033852270776,9443.794239548077,9419.17390102537
2011-01-03 08:10:00,2011-01-03 08:15:00,2011-01-03 08:15:00,1,3,5,81.45,81.4172306217194,81.49915406742092,81.40723062171939,SL,-0.0005250997947281795,-24.730031409687236,9419.17390102537,9394.443869615683
2011-01-03 08:20:00,2011-01-03 08:25:00,2011-01-03 09:00:00,1,5,25,81.48,81.44194885240091,81.53707672139865,81.52707672139864,TP,0.0005777702675336176,135.69575869693517,9394.443869615683,9530.139628312618
2011-01-03 09:00:00,2011-01-03 09:05:00,2011-01-03 09:50:00,1,5,25,81.58,81.53886619803211,81.64170070295184,81.63170070295183,TP,0.0006337423749918354,150.99133305126614,9530.139628312618,9681.130961363884
2011-01-03 09:50:00,2011-01-03 09:55:00,2011-01-03 10:00:00,1,5,25,81.7,81.6610702152689,81.75839467709667,81.65107021526889,SL,-0.0005988957739426557,-144.94971049365574,9681.130961363884,9536.181250870228
2011-01-03 10:00:00,2011-01-03 10:05:00,2011-01-03 10:55:00,1,3,5,81.62,81.57377993051246,81.68933010423132,81.67933010423131,TP,0.0007269064473328503,34.65955817096107,9536.181250870228,9570.840809041189
2011-01-03 11:10:00,2011-01-03 11:15:00,2011-01-03 11:50:00,-1,4,15,81.52,81.56981172612686,81.4452824108097,81.57981172612686,SL,-0.0007337061595543046,-105.33277280560836,9570.840809041189,9465.50803623558
2011-01-03 12:00:00,2011-01-03 12:05:00,2011-01-03 13:00:00,-1,4,15,81.52,81.56132366860705,81.45801449708942,81.57132366860705,SL,-0.00062958376603354,-89.389952953109,9465.50803623558,9376.118083282472
2011-01-03 13:05:00,2011-01-03 13:10:00,2011-01-03 13:10:00,1,4,15,81.58,81.55323756735152,81.62014364897273,81.54323756735151,SL,-0.00045063045658846803,-63.37746559345459,9376.118083282472,9312.740617689018
2011-01-03 13:15:00,2011-01-03 13:20:00,2011-01-03 13:20:00,-1,3,5,81.53,81.55792270978364,81.48811593532453,81.56792270978364,SL,-0.00046513810601794955,-21.6585526637415,9312.740617689018,9291.082065025277
2011-01-03 13:30:00,2011-01-03 13:35:00,2011-01-03 13:35:00,1,3,5,81.59,81.56161217441885,81.63258173837173,81.55161217441885,SL,-0.00047049669789378393,-21.85711715727276,9291.082065025277,9269.224947868004
2011-01-03 13:35:00,2011-01-03 13:40:00,2011-01-03 13:40:00,1,4,15,81.60000000000001,81.57149701910323,81.64275447134517,81.56149701910323,SL,-0.0004718502560879909,-65.60529248083067,9269.224947868004,9203.619655387174
2011-01-03 13:40:00,2011-01-03 13:45:00,2011-01-03 13:55:00,1,3,5,81.59,81.56139008916728,81.63291486624908,81.55139008916727,SL,-0.0004732186644531549,-21.776623007285618,9203.619655387174,9181.84303237989
2011-01-03 13:55:00,2011-01-03 14:00:00,2011-01-03 14:00:00,1,3,5,81.59,81.56376968873926,81.62934546689112,81.61934546689112,TP,0.0003596698969373119,16.512162685753253,9181.84303237989,9198.355195065642
2011-01-03 14:00:00,2011-01-03 14:05:00,2011-01-03 14:15:00,1,5,25,81.65,81.62135756811503,81.69296364782748,81.61135756811503,SL,-0.0004732692208815739,-108.83245991401736,9198.355195065642,9089.522735151624
2011-01-03 14:15:00,2011-01-03 14:20:00,2011-01-03 14:30:00,1,4,15,81.65,81.62435953977723,81.68846069033417,81.61435953977723,SL,-0.00043650288086686807,-59.51404289397867,9089.522735151624,9030.008692257645
2011-01-03 14:30:00,2011-01-03 14:35:00,2011-01-03 15:00:00,1,3,5,81.61,81.58543291140326,81.64685063289511,81.6368506328951,TP,0.0003290115536711777,14.854885947519636,9030.008692257645,9044.863578205164
2011-01-03 15:00:00,2011-01-03 15:05:00,2011-01-03 15:10:00,1,5,25,81.66000000000001,81.63368407769849,81.6994738834523,81.62368407769848,SL,-0.00044472106663636925,-100.5610344519962,9044.863578205164,8944.302543753169
2011-01-03 15:10:00,2011-01-03 15:15:00,2011-01-03 15:25:00,1,3,5,81.64,81.61383984250531,81.67924023624202,81.66924023624202,TP,0.00035816065950536086,16.01748648943056,8944.302543753169,8960.3200302426
2011-01-03 15:25:00,2011-01-03 15:30:00,2011-01-03 15:35:00,1,5,25,81.68,81.65287759984847,81.7206836002273,81.64287759984846,SL,-0.00045448580009238213,-101.80845545071513,8960.3200302426,8858.511574791884
2011-01-03 15:35:00,2011-01-03 15:40:00,2011-01-03 15:50:00,1,3,5,81.68,81.65385874680813,81.71921187978784,81.70921187978783,TP,0.0003576380973043968,15.840706122787727,8858.511574791884,8874.352280914673
2011-01-03 15:50:00,2011-01-03 15:55:00,2011-01-03 16:35:00,1,5,25,81.73,81.70446707971482,81.76829938042779,81.69446707971481,SL,-0.00043475982240538295,-96.4552955403317,8874.352280914673,8777.89698537434
2011-01-03 16:45:00,2011-01-03 16:50:00,2011-01-03 17:05:00,1,3,5,81.73,81.7086624246646,81.76200636300312,81.69866242466459,SL,-0.0003834280598973902,-16.82846005540617,8777.89698537434,8761.068525318933
2011-01-03 18:20:00,2011-01-03 18:25:00,2011-01-03 18:25:00,-1,3,5,81.67,81.68982811335079,81.64025782997382,81.69982811335079,SL,-0.00036522729705875474,-15.998906884243821,8761.068525318933,8745.069618434689
2011-01-03 18:25:00,2011-01-03 18:30:00,2011-01-03 18:30:00,-1,4,15,81.66,81.67984039096858,81.63023941354712,81.68984039096858,SL,-0.00036542237287028376,-47.93466136326346,8745.069618434689,8697.134957071425
2011-01-03 18:30:00,2011-01-03 18:35:00,2011-01-03 18:45:00,-1,5,25,81.64999999999999,81.67056607732796,81.61915088400804,81.68056607732797,SL,-0.0003743548968521182,-81.39537649408562,8697.134957071425,8615.73958057734
2011-01-03 18:45:00,2011-01-03 18:50:00,2011-01-03 18:55:00,-1,4,15,81.66,81.68244667342914,81.62632998985629,81.69244667342915,SL,-0.0003973386410623204,-51.3504938504017,8615.73958057734,8564.389086726938
2011-01-03 18:55:00,2011-01-03 19:00:00,2011-01-03 19:05:00,-1,4,15,81.66,81.68287493780369,81.62568759329444,81.63568759329445,TP,0.0002977272435163798,38.247779327894655,8564.389086726938,8602.636866054832
2011-01-03 19:05:00,2011-01-03 19:10:00,2011-01-03 19:10:00,-1,4,15,81.61999999999999,81.64380543106542,81.58429185340184,81.65380543106542,SL,-0.0004141807285644626,-53.44569607137144,8602.636866054832,8549.191169983462
2011-01-03 19:10:00,2011-01-03 19:15:00,2011-01-03 19:15:00,-1,5,25,81.58999999999999,81.61567647170361,81.55148529244457,81.62567647170361,SL,-0.0004372652494622406,-93.45660524108007,8549.191169983462,8455.734564742383
2011-01-03 19:15:00,2011-01-03 19:20:00,2011-01-03 19:30:00,-1,4,15,81.64,81.66669958086764,81.59995062869854,81.67669958086765,SL,-0.0004495294079819671,-57.016520294119495,8455.734564742383,8398.718044448264
2011-01-03 19:35:00,2011-01-03 19:40:00,2011-01-03 19:45:00,1,3,5,81.72,81.69297827131506,81.76053259302742,81.75053259302742,TP,0.00037362448638541987,15.689833578264704,8398.718044448264,8414.407878026528
2011-01-03 19:45:00,2011-01-03 19:50:00,2011-01-03 19:55:00,1,4,15,81.77000000000001,81.74047616251146,81.81428575623283,81.73047616251145,SL,-0.00048335376652267775,-61.007036113533225,8414.407878026528,8353.400841912995
2011-01-03 19:55:00,2011-01-03 20:00:00,2011-01-03 20:05:00,1,4,15,81.74000000000001,81.70969628298182,81.7854555755273,81.77545557552729,TP,0.0004337604052762398,54.35061801934595,8353.400841912995,8407.75145993234
2011-01-03 20:05:00,2011-01-03 20:10:00,2011-01-03 20:15:00,1,5,25,81.81,81.77902383583636,81.85646424624547,81.84646424624546,TP,0.00044571869264708834,93.68729972056728,8407.75145993234,8501.438759652907
2011-01-03 20:15:00,2011-01-03 20:20:00,2011-01-03 20:20:00,1,5,25,81.91000000000001,81.87359708294055,81.96460437558922,81.86359708294054,SL,-0.0005665110128124414,-120.40396705234785,8501.438759652907,8381.03479260056
2011-01-03 20:20:00,2011-01-03 20:25:00,2011-01-03 21:00:00,1,4,15,81.88000000000001,81.8433401484448,81.93498977733283,81.83334014844479,SL,-0.0005698565163070252,-71.63980934938989,8381.03479260056,8309.39498325117
2011-01-03 21:00:00,2011-01-03 21:05:00,2011-01-03 22:05:00,1,3,5,81.87,81.83562367541985,81.92156448687024,81.91156448687023,TP,0.0005076888588033312,21.092936281964562,8309.39498325117,8330.487919533134
2011-01-03 22:05:00,2011-01-03 22:10:00,2011-01-03 22:15:00,1,3,5,81.93,81.90012113729308,81.9748182940604,81.89012113729308,SL,-0.0004867431063948245,-20.27403783869058,8330.487919533134,8310.213881694444
2011-01-03 22:50:00,2011-01-03 22:55:00,2011-01-03 23:00:00,1,3,5,81.93,81.9030092809749,81.97048607853768,81.96048607853767,TP,0.0003720990911468726,15.461115163073133,8310.213881694444,8325.674996857517
2011-01-03 23:00:00,2011-01-03 23:05:00,2011-01-03 23:15:00,1,5,25,82.03,81.99769677798345,82.07845483302482,82.06845483302482,TP,0.0004687898698624298,97.57480245734303,8325.674996857517,8423.249799314859
2011-01-03 23:15:00,2011-01-03 23:20:00,2011-01-03 23:55:00,1,4,15,82.07000000000001,82.03569235467553,82.12146146798672,82.11146146798671,TP,0.0005051963931608034,63.83093125959491,8423.249799314859,8487.080730574455
